id,text,cleaned_text
1191443345580670983,"RT @Gschmoidy: Lufthansa | D-ABOB | Boeing 707-430 | HAM 21.10.2019
First flight on December 18 1959 as N31240. Delivered to Lufthansa on F‚Ä¶",lufthansa dabob boeing 707430 ham 21102019 first flight on december 18 1959 as n31240 delivered to lufthansa on f
1232695760862490625,"RT @carlquintanilla: BERLIN‚Äî Deutsche Lufthansa AG, Germany‚Äôs flagship airline, said it would cancel projects and slash costs and expenses,‚Ä¶",berlin deutsche lufthansa ag germanys flagship airline said it would cancel projects and slash costs and expenses
1172654618708520960,"@allanjude @michaeldexter Still debating options.

Thinking Delta non-stop DTW-TYO, Air Cathay TYO-BLR, then Air France/Delta BLR-DTW. Comes about 2700.

Lufthansa is cheap, but TYO-BLR goes through FRA o_0",@user @user still debating options thinking delta nonstop dtwtyo air cathay tyoblr then air francedelta blrdtw comes about 2700 lufthansa is cheap but tyoblr goes through fra o_0
1237911560552620033,This is all scam. Airline says you can reschedule your flight because of #COVID19 but you will need to pay fare difference. Now if I end up booking another ticket but what if #COVID19 gets worse in next few days. @emirates @airindiain @lufthansa @AmericanAir,this is all scam airline says you can reschedule your flight because of #covid19 but you will need to pay fare difference now if i end up booking another ticket but what if #covid19 gets worse in next few days @user @user @user @user
1167984001073573888,Lufthansa: Stop transporting Irish greyhounds to China! Plz sign: https://t.co/DQTXyJAPIT https://t.co/SAgTkWOoyd,lufthansa stop transporting irish greyhounds to china plz sign
1234462175617523713,@lufthansa dropped us to erfuhrt and nobody has a clue what we are supposed to do. No clue about the @CondorAirline flight from #frankfurtairport to Seattle and the connection from there to #PhoenixAZ for the hyperledger forum. Only tip from the poor lady here: call Lufthansa!,@user dropped us to erfuhrt and nobody has a clue what we are supposed to do no clue about the @user flight from #frankfurtairport to seattle and the connection from there to #phoenixaz for the hyperledger forum only tip from the poor lady here call lufthansa
1134088210231877632,RT @lufthansaNews: Time flies! üï∞Ô∏è‚úàÔ∏èThe history of Airbus began exactly 50 years ago with the development of the #A300. Lufthansa's first #A‚Ä¶,time flies the history of airbus began exactly 50 years ago with the development of the #a300 lufthansas first #a
1178368099659198472,"RT @nilotic17: Some suggestions for bilateral developmental cooperation with #Sudan üá∏üá©:

- Return Lufthansa flights
- Existing üá©üá™ Vocationa‚Ä¶",some suggestions for bilateral developmental cooperation with #sudan return lufthansa flights existing vocationa
1239271524198232064,"@SDAmelie Legally they have to if they are the ones who cancelled (or if a government thing is put in place) as far as I'm aware. So ü§ûüèª

I went through ANA instead of Lufthansa so I have no idea how I'm gonna go about getting a refund if it comes to it üôÉ",@user legally they have to if they are the ones who cancelled or if a government thing is put in place as far as im aware so i went through ana instead of lufthansa so i have no idea how im gonna go about getting a refund if it comes to it
1192481671658033161,RT @Gander_News_i5: Lufthansa plans more cost cutting as cabin crew strike over pay https://t.co/37gDXpFcuQ,lufthansa plans more cost cutting as cabin crew strike over pay
1238385448793202688,"@lufthansa Hope, I would get the response soon...also, tried to call again...wait time 75 min and no response...and of course no queue status as well...how would a customer know whether the lines are active...anyways pls resolve my clarification..",@user hope i would get the response soonalso tried to call againwait time 75 min and no responseand of course no queue status as wellhow would a customer know whether the lines are activeanyways pls resolve my clarification
1235658059717869568,@lufthansa @Lufthansa_USA I‚Äôve been listening to the same hold music for over 3.5 hours trying to discuss my upcoming trip to Italy. Suddenly the hold music stopped. What is going on with your customer service?!? #Lufthansa #Coronavirus #lufthansacustomerservice https://t.co/EuNwCrB0Hm,@user @user ive been listening to the same hold music for over 35 hours trying to discuss my upcoming trip to italy suddenly the hold music stopped what is going on with your customer service #lufthansa #coronavirus #lufthansacustomerservice
1157601967247675392,"#DLH1CL : 1.7 km away @ 10825 ft, vertical speed 1152 ft/m and 63.1¬∞ frm hrzn, squawk 3745, heading N @ 572.3km/h 10:39:13 UTC #MovingQuickly #Lufthansa #ProbablyJustDeparted #Airport_FRA #RaspberryPi #ADSB https://t.co/pgxdU8QJiE",#dlh1cl 17 km away @ 10825 ft vertical speed 1152 ftm and 631 frm hrzn squawk 3745 heading n @ 5723kmh 103913 utc #movingquickly #lufthansa #probablyjustdeparted #airport_fra #raspberrypi #adsb
1203281716816875520,"@lufthansa Traveling recently often form SOF on your flights,...must say,your boarding is a total circus. It does not work AT ALL!",@user traveling recently often form sof on your flightsmust sayyour boarding is a total circus it does not work at all
1233714725822836736,"@MuthuiMkenya KLM Royal Dutch Airlines
Korean Air
Lion Air - Indonesia 
LOT Polish Airlines
Lufthansa- Germany
Malindo Air - Malaysia
Myanmar Airways Int.
Neos - Italy 
Oman Air
Peach Aviation - Japan 
Philippines Airlines
Qantas - Australia 
Qatar Airways 
Royal Air Maroc - Morocco 
4.",@user klm royal dutch airlines korean air lion air indonesia lot polish airlines lufthansa germany malindo air malaysia myanmar airways int neos italy oman air peach aviation japan philippines airlines qantas australia qatar airways royal air maroc morocco 4
1187341458002583552,"@lufthansa I did explain your website to your customer services op. but she insisted it would count as a checked bag and sold me the economy classic ticket.
If I need to change it to sports baggage I wouldn't need another checked-in bag &amp; to make these changes looks like 70euros charge?",@user i did explain your website to your customer services op but she insisted it would count as a checked bag and sold me the economy classic ticket if i need to change it to sports baggage i wouldnt need another checkedin bag amp to make these changes looks like 70euros charge
1235997930198306817,RT @AlexInAir: Breaking: Lufthansa is examining grounding its entire Airbus A380 fleet in light of the ongoing #coronavirus outbreak crisis,breaking lufthansa is examining grounding its entire airbus a380 fleet in light of the ongoing #coronavirus outbreak crisis
1236113109183614978,"RT @RichardEngel: As flights around the world are being canceled, Lufthansa announcing it‚Äôs cutting capacity up to 50% and the WHO saying c‚Ä¶",as flights around the world are being canceled lufthansa announcing its cutting capacity up to 50 and the who saying c
1204843497553113089,"RT @Olu_Mastermind: In April, I got a Job with Lufthansa Technik as a Materials Engineer/ Classification coordinator. 

4 months into my 6‚Ä¶",in april i got a job with lufthansa technik as a materials engineer classification coordinator 4 months into my 6
1237079495212924930,"@lrt_and @JimWatsonOttawa @Ottawa_Tourism @lufthansa 3) I'm sure you will continue to troll him till the LRT is perfectamungo, no one here disputes your #mentalillness is real.

However, beware your last statement, ""by whatever means."" It sounds threatening and your IP address is quite traceable.",@user @user @user @user 3 im sure you will continue to troll him till the lrt is perfectamungo no one here disputes your #mentalillness is real however beware your last statement by whatever means it sounds threatening and your ip address is quite traceable
1214083320922935296,"RT @AirlineNewsIntl: This year the Lufthansa Group will be hiring more than 4,500 new employees in Germany, Austria and Switzerland. Among‚Ä¶",this year the lufthansa group will be hiring more than 4500 new employees in germany austria and switzerland among
1227846502376263687,"RT @Volly_H_Lee: Bekannte Airline Slogans:

LUFTHANSA: 
‚ÄûSay yes to the World‚Äú

AIR FRANCE: 
‚ÄûFrance is in the Air‚Äú

EMIRATES: 
‚ÄûDon‚Äòt just‚Ä¶",bekannte airline slogans lufthansa say yes to the world air france france is in the air emirates dont just
1215248762920108033,"RT @MigunaMiguna: The Lufthansa Group which owns and operates @lufthansa, the airline that acquiesced to an illegal RED ALERT by Despot Uhu‚Ä¶",the lufthansa group which owns and operates @user the airline that acquiesced to an illegal red alert by despot uhu
1215254201548394497,"RT @MigunaMiguna: The Lufthansa Group which owns and operates @lufthansa, the airline that acquiesced to an illegal RED ALERT by Despot Uhu‚Ä¶",the lufthansa group which owns and operates @user the airline that acquiesced to an illegal red alert by despot uhu
1204042757674688513,"RT @breakingavnews: Spirit Airlines A319 seriously damaged during maintenance at Lufthansa Technik facility in Aguadilla, Puerto Rico. http‚Ä¶",spirit airlines a319 seriously damaged during maintenance at lufthansa technik facility in aguadilla puerto rico
1237419594215759875,The highest #dividend #yield #dividendenrendite (7.59%) of the #DAX 30 is LUFTHANSA. https://t.co/gTQfksAhb7,the highest #dividend #yield #dividendenrendite 759 of the #dax 30 is lufthansa
1229239070406127617,RT @MightyTravels: Lufthansa: Kiev (KBP) to Dublin (DUB) just US$ 372 Business Class Round Trip incl all taxes and fees https://t.co/2D563C‚Ä¶,lufthansa kiev kbp to dublin dub just us 372 business class round trip incl all taxes and fees
1240632575506485249,@lufthansa We‚Äôve been calling for over 4 hours and keep getting disconnected at 33 minute mark. What do you suggest when we‚Äôre trying not to get stuck in Europe.,@user weve been calling for over 4 hours and keep getting disconnected at 33 minute mark what do you suggest when were trying not to get stuck in europe
1219792096690761730,"RT @innowatcher: TripActions Lands in Europe with Lufthansa Investment | TripActions https://t.co/WBs7CFg60h, see more https://t.co/fYaRcax‚Ä¶",tripactions lands in europe with lufthansa investment tripactions see more
1203128445812781056,@MackAtttack @Darrk56 @lufthansa We are now waiting for a hotel room to then get up in 4 hours for a flight theu have put us on. Unfortunately it means our weekend away in Munich will now be barely 24 hours..@lufthansa what a mess,@user @user @user we are now waiting for a hotel room to then get up in 4 hours for a flight theu have put us on unfortunately it means our weekend away in munich will now be barely 24 hours@user what a mess
1194633732797300743,"@airclips are you the company that did Lufthansa cargo  inga and claudia,  when is next vid coming on you tube",@user are you the company that did lufthansa cargo inga and claudia when is next vid coming on you tube
1227428378313183232,"@united It‚Äôs not on the United side, I log into @lufthansa and it sends me to the United website since the first flight is United from OKC to H town. All good, see you tomorrow.",@user its not on the united side i log into @user and it sends me to the united website since the first flight is united from okc to h town all good see you tomorrow
1214658409699643392,@lufthansa could you please get customer relations to respond to my emails? Its been 4 months now with no reply. Who do i have to go to? The civil aviation authority?,@user could you please get customer relations to respond to my emails its been 4 months now with no reply who do i have to go to the civil aviation authority
1152911122703556608,"RT @Asmali77: British Airways suspends all flights to Cairo for 7 days for ""safety reasons"" and Lufthansa suspended all flights yesterday u‚Ä¶",british airways suspends all flights to cairo for 7 days for safety reasons and lufthansa suspended all flights yesterday u
1133992277418729473,"Lufthansa Cargo flight #GEC8230 spotted at 28,275 feet! https://t.co/apnzbaepOc",lufthansa cargo flight #gec8230 spotted at 28275 feet
1140995687171133441,Only @lufthansa they flight attendant will change your seat so they can give it to a friend. #embarrassing #worstairliner,only @user they flight attendant will change your seat so they can give it to a friend #embarrassing #worstairliner
1243095615837536256,"RT @flightradar24: Lufthansa continues to evacute German citizens from remote destinations under lockdown.

Currently we are tracking one f‚Ä¶",lufthansa continues to evacute german citizens from remote destinations under lockdown currently we are tracking one f
1138581762135777280,@SharylAttkisson @KLM I always fly @Lufthansa_USA ! Never lost any thing flying with them mainly out of #ATL Lost a couple bags on United but they found me 2 weeks later with a TSA tag and I had bought a real nice Chef Knife  from Emerald Restraunt in New Orleans! They confiscated  it....  lol,@user @user i always fly @user never lost any thing flying with them mainly out of #atl lost a couple bags on united but they found me 2 weeks later with a tsa tag and i had bought a real nice chef knife from emerald restraunt in new orleans they confiscated it lol
1243152726852284419,RT @lufthansaNews: Physical distancing: Lufthansa &amp; @Eurowings introduce further distance rules. From tomorrow on all flights from Germany‚Ä¶,physical distancing lufthansa amp @user introduce further distance rules from tomorrow on all flights from germany
1134720886936723463,"Crew Management Market to Witness Huge Growth by 2025 | Sabre Airline Solutions, Lufthansa Systems, Fujitsu https://t.co/U9sTdz1rfe https://t.co/duOURJnkwy",crew management market to witness huge growth by 2025 sabre airline solutions lufthansa systems fujitsu
1238961592609443841,This time when I watched I realized it was Jimmy Conway who was getting everybody killed at the end. The narration is too perfect. Jimmy got that Lufthansa money and acted a fool.,this time when i watched i realized it was jimmy conway who was getting everybody killed at the end the narration is too perfect jimmy got that lufthansa money and acted a fool
1144424713483104256,@Mavs_FFL @luka7doncic @lufthansa Oh Didn‚Äôt expect from @lufthansa,@user @user @user oh didnt expect from @user
1169735805713223683,Actually the crying isn't because @lufthansa refuses to use my proper name on airline tickets. It's because EVERYONE ELSE thinks CHANGING MY NAME to accommodate an airline ticket system is totally reasonable,actually the crying isnt because @user refuses to use my proper name on airline tickets its because everyone else thinks changing my name to accommodate an airline ticket system is totally reasonable
1141044340640374784,"RT @lufthansavintag: Bobby
Photo: Don Hewins
Aircraft: Boeing 737-230/Adv
Airport:  Bremen (BRE/EDDW)
Reg: D-ABFX named ""T√ºbingen""
Engines:‚Ä¶",bobby photo don hewins aircraft boeing 737230adv airport bremen breeddw reg dabfx named t√ºbingen engines
1159245933810335744,RT @ShorealoneFilms: avoiding the weather #Lufthansa #avgeek https://t.co/fmcsn6qAs6,avoiding the weather #lufthansa #avgeek
1134526899944939529,"@doublewidesfly @lufthansa Same day LH F arrival is fine, just not FCT (unless traveling on LX or OS onward)",@user @user same day lh f arrival is fine just not fct unless traveling on lx or os onward
1230462866832031746,"RT @MiPandeho: @lakshmianand96 @venky3112 Bull‚Äôs eye. Our own, who travel in United airlines, Lufthansa, etc., exhibit model behavior. Trav‚Ä¶",@user @user bulls eye our own who travel in united airlines lufthansa etc exhibit model behavior trav
1240602449876062210,RT @Kayyyy95: @lufthansa Hi I would like to be issued with a flight voucher for my tickets but can‚Äôt seem to get through to your service ce‚Ä¶,@user hi i would like to be issued with a flight voucher for my tickets but cant seem to get through to your service ce
1138391876438913024,@mr_leonard_SWIS @paoplayz @lufthansa The first lesson you learn when flying with @lufthansa is that you should not fly @lufthansa,@user @user @user the first lesson you learn when flying with @user is that you should not fly @user
1200892291260592132,RT @Reuters: Lufthansa catering unit staff to hold 24-hour strike on Dec 2 - union https://t.co/QDcxWEmZgn https://t.co/yGwwH8vq19,lufthansa catering unit staff to hold 24hour strike on dec 2 union
1218467331527016448,Lufthansa: Brussels (BRU) to Moscow (DME) just US$ 493 Business Class Round Trip incl all taxes and fees https://t.co/uVUTiE4Gm5,lufthansa brussels bru to moscow dme just us 493 business class round trip incl all taxes and fees
1204414386279870464,Lufthansa‚Äôs Miles and More program has data breach. I have been able to see data of a guy who works at airbus. He has been into other accounts. LH have suspended service #cybersecurity #data #privacy,lufthansas miles and more program has data breach i have been able to see data of a guy who works at airbus he has been into other accounts lh have suspended service #cybersecurity #data #privacy
1215389197470720000,RT @lufthansa: @tvtvtvtvtvtvtvt Lufthansa confirms that today‚Äôs flight LH600 on its way from Frankfurt to Teheran returned to Frankfurt aft‚Ä¶,@user lufthansa confirms that todays flight lh600 on its way from frankfurt to teheran returned to frankfurt aft
1192109662604124160,Lufthansa strike: Airline activates special flight schedule for Thursday and Friday https://t.co/d030NlIKHt https://t.co/Ggsa6WzUZz,lufthansa strike airline activates special flight schedule for thursday and friday
1232707630705102849,"There is (still) at least one flight leaving Milan every 5 mins 

@qatarairways @easyJet @eurowings @vueling @lufthansa @Ryanair @airfrance @royalairmarocuk @wizzair

You are responsible for the spreading of COVID-19 in Europe, stop thinking about profit.

#COVID„Éº19 #Coronavirus https://t.co/0QepAC1xeI",there is still at least one flight leaving milan every 5 mins @user @user @user @user @user @user @user @user @user you are responsible for the spreading of covid19 in europe stop thinking about profit #covid„Éº19 #coronavirus
1143478380945391616,"RT @MyFCMB: Travelling this summer? Enjoy exclusive discounts on flight tickets with Virgin Atlantic, Etihad, Lufthansa, Ethiopia and Delta‚Ä¶",travelling this summer enjoy exclusive discounts on flight tickets with virgin atlantic etihad lufthansa ethiopia and delta
1131834792796991488,"@Unclekage Saw one taxiing at Denver a couple weeks ago, they are such pretty planes, and look good in Lufthansa's paint. =^.^=",@user saw one taxiing at denver a couple weeks ago they are such pretty planes and look good in lufthansas paint
1157454343894896640,@lufthansa @lufthansavintag I still love the classic Boeing 747 of that time than the current 747's. I was 3 in 1970 but what a great picture.,@user @user i still love the classic boeing 747 of that time than the current 747s i was 3 in 1970 but what a great picture
1228672212963667968,RT @Malimas21: @British_Airways #@lufthansa flights cancelled  due to storm Dennis but different outcome ba as a silver member very unhelpf‚Ä¶,@user #@user flights cancelled due to storm dennis but different outcome ba as a silver member very unhelpf
1139048793565827072,"@SanguDelle @British_Airways üòÇüòÇüòÇ I stopped flying @British_Airways years ago for this very same reason. Lufthansa, Delta, Virgin. Finish. I don‚Äôt know why you people continue to play yourself and give your money to a company that üó£doesn‚Äôt respect you",@user @user i stopped flying @user years ago for this very same reason lufthansa delta virgin finish i dont know why you people continue to play yourself and give your money to a company that doesnt respect you
1226589116118306819,The Crete airport will be ready in 2025! So until then go to Athens Airport in Greece! @AmericanAir @KLM @lufthansa cc @kmitsotakis @grigoris_d #tourism #Greece https://t.co/dBkjmbcBKI,the crete airport will be ready in 2025 so until then go to athens airport in greece @user @user @user cc @user @user #tourism #greece
1196266058975531010,RT @FlightGlobal: Lufthansa Technik puts A220 observation deck concept on view #DAS19 https://t.co/4DHZHkLtlN https://t.co/9dpS4LYiyY,lufthansa technik puts a220 observation deck concept on view #das19
1204592987046436865,"@chris_muther , I don't understand what you said in your article Sunday about the bankruptcy of Adria Airways and how no other airline was flying to Slovenia. Lots of airlines fly into Ljubljana, including LOT, Air France, Lufthansa, EasyJet, Aeroflot, BA, etc., etc. Pls clarify.",@user i dont understand what you said in your article sunday about the bankruptcy of adria airways and how no other airline was flying to slovenia lots of airlines fly into ljubljana including lot air france lufthansa easyjet aeroflot ba etc etc pls clarify
1165516155819298816,RT @MsSaffaa: Is this how European countries are now going to treat #Saudi women travelling alone? @lufthansa should investigate this incid‚Ä¶,is this how european countries are now going to treat #saudi women travelling alone @user should investigate this incid
1169238430871707650,@MCO Will shops/restaurants be open so quickly too? We have a loong time to wait as our flight is delayed and Magical Express wont adjust pick up times. So happy Lufthansa is operating.,@user will shopsrestaurants be open so quickly too we have a loong time to wait as our flight is delayed and magical express wont adjust pick up times so happy lufthansa is operating
1192451828266356737,"@skift Lufthansa isn‚Äôt cool, few airlines are cool in the eyes of 99% of the flying public are cool (maybe more). Neither Alitalia or Condor is cool. Maybe Virgin (brand X) under some circumstances-JetBlue, maybe-what else is cool? üôÑ Gimme a break-don‚Äôt only swim in the fishbowl fellas",@user lufthansa isnt cool few airlines are cool in the eyes of 99 of the flying public are cool maybe more neither alitalia or condor is cool maybe virgin brand x under some circumstancesjetblue maybewhat else is cool gimme a breakdont only swim in the fishbowl fellas
1168688693743443970,@SpaethFlies @lufthansa On Thursday and Friday! Will you be there?,@user @user on thursday and friday will you be there
1227640641091444736,@lufthansaNews @tinachL @lufthansa @ChristinaFoe different assessment or profit over passenger's well being?,@user @user @user @user different assessment or profit over passengers well being
1142003681480646656,"RT @spectatorindex: Airlines that will avoid Iranian airspace:

- United Airlines
- Qantas
- KLM
- Lufthansa",airlines that will avoid iranian airspace united airlines qantas klm lufthansa
1239212579546968064,"@lufthansa Is there any deadline for rebooking the tickets purchased before March 5th? Timeframe is 16-25.4. We would like to keep the tickets, but not sure until when we can decide for new dates. Thanks!",@user is there any deadline for rebooking the tickets purchased before march 5th timeframe is 16254 we would like to keep the tickets but not sure until when we can decide for new dates thanks
1153129940138766336,"Lufthansa Resumes Flights to Cairo, British Airways Stays¬†Grounded https://t.co/eYZZ2voAZT",lufthansa resumes flights to cairo british airways stays grounded
1135554285993943040,"Lufthansa Looking To Acquire Another Airline, But Which One?:
https://t.co/qBj6M4mDxU
#Aviation #Airline https://t.co/sajtuZRpaM",lufthansa looking to acquire another airline but which one #aviation #airline
1238363485819539456,"RT @HildaTheHild: @lufthansa your bookings check is very misleading - as I couldn‚Äôt check my flight status and there was a ‚Äòrefund‚Äô option,‚Ä¶",@user your bookings check is very misleading as i couldnt check my flight status and there was a refund option
1212030262357512192,@AngryBird8011 If Germany seeks investments in Pakistan..why don t Lufthansa  flies to Pakistan? Only Lufthansa cargo flies to Pakistan??,@user if germany seeks investments in pakistanwhy don t lufthansa flies to pakistan only lufthansa cargo flies to pakistan
1174593172653182976,"@cascer1 Try https://t.co/zcb8qXHyMH and Lufthansa. Was so ez to give them my money and probably agree to some terms and conditions that said that I'll have to give them my first born, but oh well",@user try and lufthansa was so ez to give them my money and probably agree to some terms and conditions that said that ill have to give them my first born but oh well
1174592146252423168,@lufthansa please hold flight LH 456 Frankfort to LAX. There was no tram running to Z because there was a suspicious package. so we all have to exit airport and going the security,@user please hold flight lh 456 frankfort to lax there was no tram running to z because there was a suspicious package so we all have to exit airport and going the security
1207034071651684352,@sykrob @lufthansa @DFWAirport Sounds like a wonderful trip ü§© We wish you a good flight tomorrow ‚úàÔ∏è,@user @user @user sounds like a wonderful trip we wish you a good flight tomorrow
1236737309443264514,@lufthansa just as precautionary measure for this #coronavirus,@user just as precautionary measure for this #coronavirus
1158270769303977986,"What‚Äôs your dream destination in Europe? Tell us where and why, your dream could come true! To celebrate 25 years of flying from Chennai to Europe, the top 25 entries will get a gift hamper each and one lucky winner will fly away with two Lufthansa tickets from Chennai to Europe. https://t.co/eaTivzriKV",whats your dream destination in europe tell us where and why your dream could come true to celebrate 25 years of flying from chennai to europe the top 25 entries will get a gift hamper each and one lucky winner will fly away with two lufthansa tickets from chennai to europe
1146109699978403841,"@lufthansa Thank you. I have DM'd you with the ID no.
Thanks, Luke",@user thank you i have dmd you with the id no thanks luke
1131324660841406465,@MaxK_J @lufthansa @BoeingAirplanes The -8 doesn't look so stretched until you see it like that,@user @user @user the 8 doesnt look so stretched until you see it like that
1214537079465615360,RT @MigunaMiguna: The Office of the President issued a RED ALERT to Lufthansa last evening threatening to deny landing rights to the airlin‚Ä¶,the office of the president issued a red alert to lufthansa last evening threatening to deny landing rights to the airlin
1141123986505555973,RT @DublinAirport: Win flights for 2 to your choice of Munich or Frankfurt from Dublin with @lufthansa Both cities boast a host of things t‚Ä¶,win flights for 2 to your choice of munich or frankfurt from dublin with @user both cities boast a host of things t
1147257011358314497,"RT @AirlineFlyer: Still have no idea why the Lufthansa Group US headquarters is in East Meadow on Long Island, but I'm digging the branding‚Ä¶",still have no idea why the lufthansa group us headquarters is in east meadow on long island but im digging the branding
1214437770401333250,"Miguna Miguna tells Jeff Koinange on Hot 96 that he has been prevented from boarding a Lufthansa flight to JKIA at Berlin Airport due to an International Red Alert that was issued barring him from boarding flights to any African country.

#MIGUNAMIGUNA https://t.co/PpRRYbLd1L",miguna miguna tells jeff koinange on hot 96 that he has been prevented from boarding a lufthansa flight to jkia at berlin airport due to an international red alert that was issued barring him from boarding flights to any african country #migunamiguna
1233134449866551308,@UreshP This one is UA &amp; Lufthansa. Looks better https://t.co/9SxGn7bEdY,@user this one is ua amp lufthansa looks better
1194398068709429253,Lufthansa Reaches A Ceasefire With The UFO Cabin Crew Union https://t.co/tWjtvU2a2L,lufthansa reaches a ceasefire with the ufo cabin crew union
1236040583476654082,"RT @RichardEngel: As flights around the world are being canceled, Lufthansa announcing it‚Äôs cutting capacity up to 50% and the WHO saying c‚Ä¶",as flights around the world are being canceled lufthansa announcing its cutting capacity up to 50 and the who saying c
1235559183958847490,"RT @DeItaOne: DEUTSCHE LUFTHANSA AG  https://t.co/ix1hi8XmQQ - UNTIL END OF MARCH, LUFTHANSA IS CANCELLING A TOTAL OF ABOUT 7,100 FLIGHTS",deutsche lufthansa ag until end of march lufthansa is cancelling a total of about 7100 flights
1233402559659900930,Lufthansa: Stop transporting Irish greyhounds to China! Plz sign: https://t.co/DQTXyJSr7t https://t.co/HMOuogDMjZ,lufthansa stop transporting irish greyhounds to china plz sign
1145413720035778561,RT @EmeraldMedia: Remembering one #MoritzSuter announcing Lufthansa CityLine was buying it (728) at an airshow press conf too -  sending LH‚Ä¶,remembering one #moritzsuter announcing lufthansa cityline was buying it 728 at an airshow press conf too sending lh
1215002376941293572,RT @Mohamed06335877: @MigunaMiguna @lufthansa @airfrance General we love u May God protect u....,@user @user @user general we love u may god protect u
1141964441954803713,"RT @AvgeekMel: Congratulations to @lufthansa on winning 6 #Skytrax 2019 awards including Best First, Business &amp; Economy Class in Europe. He‚Ä¶",congratulations to @user on winning 6 #skytrax 2019 awards including best first business amp economy class in europe he
1215002282569453573,"@MigunaMiguna @lufthansa @airfrance I love the persona of Miguna, Oguna  seemed green and confused ,damn!.. What a state of affairs?",@user @user @user i love the persona of miguna oguna seemed green and confused damn what a state of affairs
1157746987414020104,"Because my entire original flight home got canceled and I had to fly home a day later I only get to see my best friend for 2 hours and that included just taking her to the airport to go back to base but it‚Äôs well worth it. Also, fuck Lufthansa Airlines.",because my entire original flight home got canceled and i had to fly home a day later i only get to see my best friend for 2 hours and that included just taking her to the airport to go back to base but its well worth it also fuck lufthansa airlines
1214785794323308544,"RT @AsherDeMontreal: Lufthansa innovation hub estimates shared e-scooter emissions as worse than a gasoline moped or an electric car, a tes‚Ä¶",lufthansa innovation hub estimates shared escooter emissions as worse than a gasoline moped or an electric car a tes
1230137160478711810,"RT @Lufthansa_India: A special situation is expected for the Lufthansa hub in Munich on Monday, February 10. More detailed information can‚Ä¶",a special situation is expected for the lufthansa hub in munich on monday february 10 more detailed information can
1236535841775710209,@aguudoLEXJ What years did @lufthansa have this livery?,@user what years did @user have this livery
1205089357000060928,This is Lufthansa‚Äôs boarding process. Unbelievable. ü§¶‚Äç‚ôÇÔ∏è https://t.co/KnqmyMofP1,this is lufthansas boarding process unbelievable
1224150284814995456,"RT @ExpansionMx: Air France, British Airways, Air Canada, Lufthansa, American Airlines, United Airlines, American Airlines o Delta, suspend‚Ä¶",air france british airways air canada lufthansa american airlines united airlines american airlines o delta suspend
1235598079664869376,"Lufthansa suspends 7,100 flights in March, including to Israel https://t.co/14GMql9p8u https://t.co/lMiVUhxVLF",lufthansa suspends 7100 flights in march including to israel
1192515934331850754,"RT @NetInthe: Lufthansa strike kicks in, no end in sight to dispute https://t.co/xUTe29lqZ7 https://t.co/cYa6vhBqfO",lufthansa strike kicks in no end in sight to dispute
1199934328525996032,Lufthansa: Belgrade (BEG) to Malaga (AGP) just US$ 454 Business Class Round Trip incl all taxes and fees https://t.co/hvp37nLm3e,lufthansa belgrade beg to malaga agp just us 454 business class round trip incl all taxes and fees
1174737178401722368,RT @Lufthansa_India: Win a trip to a life changing place! What emotions are evoked by different places of the world? Tell us what you feel‚Ä¶,win a trip to a life changing place what emotions are evoked by different places of the world tell us what you feel
1175850304698376192,"1972 Summer Olympics

October 29, 1972, in exchange for a¬†hijacked Lufthansa jet. Two of those three were supposedly hunted down and assassinated later by the¬†Mossad.[10]",1972 summer olympics october 29 1972 in exchange for a hijacked lufthansa jet two of those three were supposedly hunted down and assassinated later by the mossad10
1207411081922142208,@lufthansa the crew on LH1027 on 15 Dec gave my nephew a little plush plane. he is so delighted and loves his little 'Thansa! thank you so much to the crew for a wonderful treat and the best flight memory of the week. he has been playing with it so much as we drive around Europe! https://t.co/t3LfpgYTMU,@user the crew on lh1027 on 15 dec gave my nephew a little plush plane he is so delighted and loves his little thansa thank you so much to the crew for a wonderful treat and the best flight memory of the week he has been playing with it so much as we drive around europe
1241472562682646528,@lufthansa I don't understand why only the status of the next 6 days flights appears,@user i dont understand why only the status of the next 6 days flights appears
1212812497431994368,"Deal alert: Lufthansa business class to Europe starting at $1,685 R/T 
 For more TPG news and deals delivered each morning to your inbox, sign up for our daily newsletter here: https://t.co/73kMfAiZEg
If you‚Äôre planning a Europe trip and you  
 https://t.co/LGxb8W39Tc https://t.co/alxTp1t38D",deal alert lufthansa business class to europe starting at 1685 rt for more tpg news and deals delivered each morning to your inbox sign up for our daily newsletter here if youre planning a europe trip and you
1166802993389473793,.@lufthansa now allows customers the option to purchase climate-friendly fuel or the option to donate to reforestation efforts. Sounds like something I need to look into for my next flight! https://t.co/MFPfiG1LXE,@user now allows customers the option to purchase climatefriendly fuel or the option to donate to reforestation efforts sounds like something i need to look into for my next flight
1225536396263383043,"@lufthansa: was denied access to United biz lounge in RDU. Me: You took my $ for biz! They: LH took your $, we compete with them. @staralliance üëçüëçüëç @UnitedAirlines",@user was denied access to united biz lounge in rdu me you took my for biz they lh took your we compete with them @user @user
1227311222669938689,A @lufthansa  A320 @Airbus Crossing the Moon Over Essex inbound Heathrow from Frankfurt https://t.co/WiVltkQCGS,a @user a320 @user crossing the moon over essex inbound heathrow from frankfurt
1197947669873930241,RT @endaburke81: Panned evening arrival of this @lufthansa 747 at @Airport_FRA back in October 2017 #fraport #frankfurt #germany #boeing #b‚Ä¶,panned evening arrival of this @user 747 at @user back in october 2017 #fraport #frankfurt #germany #boeing #b
1205762910359838720,"TheFlightDeal: #Airfare Deal: [Lufthansa] Boston - Nairobi, Kenya. $594 roundtrip. Details: https://t.co/ddo5gaYr4k #travel",theflightdeal #airfare deal lufthansa boston nairobi kenya 594 roundtrip details #travel
1143679867252174848,"@BarstoolBigCat @lufthansa I'm glad Ray Liotta ripped those pricks off, now.",@user @user im glad ray liotta ripped those pricks off now
1239381726775914499,RT @MailOnline: Dozens of Lufthansa planes are pictured parked in a row at Berlin airport showing the scale of the crisis facing airlines h‚Ä¶,dozens of lufthansa planes are pictured parked in a row at berlin airport showing the scale of the crisis facing airlines h
1222025024065933314,"RT @QasimKhanSuri: The new agreements with International Airlines have been lined up, including Lufthansa Air, Azerbaijan Airline, Air Fran‚Ä¶",the new agreements with international airlines have been lined up including lufthansa air azerbaijan airline air fran
1176059215867252737,RT @FinanzLinksWELT: üá©üá™ Germany Lufthansa not interested in Thomas Cook bid: Die Welt https://t.co/FR8kFGgTBN REUTERS,germany lufthansa not interested in thomas cook bid die welt reuters
1240617174416441344,"RT @ReutersBiz: Airline industry turmoil deepened as Qantas Airways told most of its 30,000 staff to take leave and Lufthansa said the indu‚Ä¶",airline industry turmoil deepened as qantas airways told most of its 30000 staff to take leave and lufthansa said the indu
1231058344145752064,"@lyndseyfifield @united @lufthansa So yeah, there were 250 people at our wedding. We filed paperwork day after. We did paperwork perfectly and we weren‚Äôt allowed to leave the country until all was processed and approved and they STILL FUCKED IT UP.",@user @user @user so yeah there were 250 people at our wedding we filed paperwork day after we did paperwork perfectly and we werent allowed to leave the country until all was processed and approved and they still fucked it up
1171092424019591169,RT @CarolLyle4: @barlaventoexp @SirStreeb That 747 looks like Lufthansa,@user @user that 747 looks like lufthansa
1236003413101604874,"RT @RichardEngel: As flights around the world are being canceled, Lufthansa announcing it‚Äôs cutting capacity up to 50% and the WHO saying c‚Ä¶",as flights around the world are being canceled lufthansa announcing its cutting capacity up to 50 and the who saying c
1240752058996862978,"RT @followlasg: We are appealing to everyone that were on these two airlines - 
Turkish flight of 14th of March, 2020 TK1830 and Lufthansa‚Ä¶",we are appealing to everyone that were on these two airlines turkish flight of 14th of march 2020 tk1830 and lufthansa
1169325052548067329,RT @Lufthansa_India: Get the best deals to Europe &amp; North America on Lufthansa. Book by 18 Sep 2019. Travel anytime until 30 Jun 2020.,get the best deals to europe amp north america on lufthansa book by 18 sep 2019 travel anytime until 30 jun 2020
1215592782926053376,"RT @StatMediaNews: .@Lufthansa_Cargo takes #digitalization to the next level; offers dynamic #spot_prices for #booking

#Lufthansa_Cargo #D‚Ä¶",@user takes #digitalization to the next level offers dynamic #spot_prices for #booking #lufthansa_cargo #d
1142846971985530880,"RT @EvaRoesler8: Usually I am not an ""aircraft filmer"" but I found the reflection of this Lufthansa after our landing magic.. https://t.co/‚Ä¶",usually i am not an aircraft filmer but i found the reflection of this lufthansa after our landing magic
1170744836414201856,"RT @JetPhotos: A Lufthansa A380 taxis for departure alongside two Southwest 737s, 2015. https://t.co/H5oK01EylX ¬© Thiago Trevisan https://t‚Ä¶",a lufthansa a380 taxis for departure alongside two southwest 737s 2015 thiago trevisan
1237430948825837568,RT @StatechaserUSA: Statechasing! #statechaserusa @StatechaserUSA @VisitTheUSA @TimSamsTravelUS @Lufthansa_USA @lufthansa @SAS @USTravel @P‚Ä¶,statechasing #statechaserusa @user @user @user @user @user @user @user @user
1187749406336077827,@ncustisTheSun @lufthansa There's a moral to this story...,@user @user theres a moral to this story
1224364022755033088,RT @TheLocalGermany: Germany's Lufthansa extends China flight ban as coronavirus toll climbs https://t.co/H7Anu86hxH,germanys lufthansa extends china flight ban as coronavirus toll climbs
1149796647406379013,@lufthansa has the worst airplane seats üí∫ oh Lord...and breakfast ü§Æ ice cold bread and the omelette you don‚Äôt want to know.,@user has the worst airplane seats oh lordand breakfast ice cold bread and the omelette you dont want to know
1141383743342620673,"RT @AndrewBaker3456: @lufthansa what‚Äôs going on with LH2235?  Delayed for 2.5 hours and I can‚Äôt get an clear explanation, but it sounds lik‚Ä¶",@user whats going on with lh2235 delayed for 25 hours and i cant get an clear explanation but it sounds lik
1156767259072716800,"#DLH401 : 3.9 km away @ 7250 ft, vertical speed -1152 ft/m and 29.2¬∞ frm hrzn, squawk 2243, heading E @ 485.2km/h 03:22:27 UTC #AfterHours #MovingQuickly #Lufthansa #RaspberryPi #ADSB https://t.co/nmTjvAV1kI",#dlh401 39 km away @ 7250 ft vertical speed 1152 ftm and 292 frm hrzn squawk 2243 heading e @ 4852kmh 032227 utc #afterhours #movingquickly #lufthansa #raspberrypi #adsb
1154439400828342277,@lufthansa Thanks for checking with the service centre &amp; offering me to contact customer relations- still the truth remains- I booked a ticket for my baby and paid- you say after issuing a confirmation that I didn‚Äôt pay for the baby and took $200 from my credit card without my verbal auth.,@user thanks for checking with the service centre amp offering me to contact customer relations still the truth remains i booked a ticket for my baby and paid you say after issuing a confirmation that i didnt pay for the baby and took 200 from my credit card without my verbal auth
1193934567536762880,"@joanna_r_f @lufthansa Please, please, please check compensation due under EU law for disruption at https://t.co/afbPIPhAT0 - the airline won't tell you this! Takes 2 mins.",@user @user please please please check compensation due under eu law for disruption at the airline wont tell you this takes 2 mins
1154566839525158912,Lufthansa: Stop transporting Irish greyhounds to China! Plz sign: https://t.co/DQTXyJSr7t https://t.co/edlL3tjvUp,lufthansa stop transporting irish greyhounds to china plz sign
1222811801957609472,RT @CoronaVirusFlu: Update: British Airways and Lufthansa has cancelled all flights to mainland China as Wuhan #coronavirus spreads |Expect‚Ä¶,update british airways and lufthansa has cancelled all flights to mainland china as wuhan #coronavirus spreads expect
1131970086926016513,RT @Amy42204668: Ridiculous response by @lufthansa I would not be resorting to @Twitter if anyone from Customer Relations had responded to‚Ä¶,ridiculous response by @user i would not be resorting to @user if anyone from customer relations had responded to
1239461011200991232,"RT @desimojito: Message from my sister who works for Lufthansa. 

This is incredible. Thanks to our government. https://t.co/ypRim3bjBT",message from my sister who works for lufthansa this is incredible thanks to our government
1168924173881753602,"#klm saved the day - they put us on a #lufthansa flight to #FRA. Thank you. (@ Amsterdam Airport @Schiphol in Schiphol, Noord-Holland) https://t.co/vqGD7dBoFn",#klm saved the day they put us on a #lufthansa flight to #fra thank you @ amsterdam airport @user in schiphol noordholland
1197021457647169536,"RT @CNNnews18: A Man dresses up as Lufthansa flight captain and a fake identity card to reinforce the get-up, in order to get privileges at‚Ä¶",a man dresses up as lufthansa flight captain and a fake identity card to reinforce the getup in order to get privileges at
1225537373947211778,"@MaxK_J @lufthansa @Airbus ...following the recent ""coffe"" news.",@user @user @user following the recent coffe news
1204755044484210688,RT @xach: Lufthansa flight attendant urging us over the intercom to write management and complain so they can restore a better snack servic‚Ä¶,lufthansa flight attendant urging us over the intercom to write management and complain so they can restore a better snack servic
1192725425899917313,"@lufthansa worst company ever, they choose the smallest bag checker and they force you to change seat because one of my friends said they do not speak English.. I mean we booked those seats nothing was asked about speaking English.
That's ridiculous! Never again",@user worst company ever they choose the smallest bag checker and they force you to change seat because one of my friends said they do not speak english i mean we booked those seats nothing was asked about speaking english thats ridiculous never again
1239630604196548610,@lufthansa I'm hoping for a positive response in terms of a reimbursement. This has been no fault of mine. I've been forced to reroute due to cancelations. Will appreciate a positive response,@user im hoping for a positive response in terms of a reimbursement this has been no fault of mine ive been forced to reroute due to cancelations will appreciate a positive response
1148549607338606592,RT @lufthansaNews: Next summer 2 more Lufthansa Airbus #A380 will take off from @MUC_Airport expanding our MUC fleet to 7. For the first ti‚Ä¶,next summer 2 more lufthansa airbus #a380 will take off from @user expanding our muc fleet to 7 for the first ti
1239465284081201153,@RespectIsVital @women4erdington Definitely why is it in UK it‚Äôs always money nor welfare? Lufthansa are repatriating all it‚Äôs citizens free of charge yet Ryanair are making money costing people¬£2000 to get back from Malta?,@user @user definitely why is it in uk its always money nor welfare lufthansa are repatriating all its citizens free of charge yet ryanair are making money costing people2000 to get back from malta
1215471679419355137,RT @7NewsAustralia: .@_austrian and @lufthansa have cancelled flights to Tehran on Friday amid security assessments. #7NEWS https://t.co/Rm‚Ä¶,@user and @user have cancelled flights to tehran on friday amid security assessments #7news
1202932026468372480,I don‚Äôt know about you but Air Canada have the W O R S T customer service ever! #aircanada #westjet #airtransat #sunwing #unitedAIRLINES #lufthansa #deltaairlines https://t.co/dVqAI9hmju,i dont know about you but air canada have the w o r s t customer service ever #aircanada #westjet #airtransat #sunwing #unitedairlines #lufthansa #deltaairlines
1237033744881590277,"@MKZEsq @Lufthansa_USA A detailed overview of the current waiver policy can be found on our website: https://t.co/iIg5T6jYC2. As you can see there, rebookings might be done free of charge, cancellations might be done according to the fare conditions. /Mac",@user @user a detailed overview of the current waiver policy can be found on our website as you can see there rebookings might be done free of charge cancellations might be done according to the fare conditions mac
1237098392209084416,"@AP_Joan_Lowy @lufthansa @united Me too!  Ours is with @OvagoCom and #iberia.  What a scam, morally bankrupt company, stealing people‚Äôs money.  #greed #cancelovago",@user @user @user me too ours is with @user and #iberia what a scam morally bankrupt company stealing peoples money #greed #cancelovago
1238800603092004865,üì∑ thelairdco: Hypnotized by the engines of the @lufthansa retro 747-8. Can‚Äôt look away!! #LufthansaByLaird https://t.co/xzh3NRIJR2,thelairdco hypnotized by the engines of the @user retro 7478 cant look away #lufthansabylaird
1215157506441465856,"RT @MigunaMiguna: Cyrus Oguna is the poster-boy for incompetence. He claims that the RED ALERT was issued in 2018, yet both @lufthansa and‚Ä¶",cyrus oguna is the posterboy for incompetence he claims that the red alert was issued in 2018 yet both @user and
1135633849877221376,@Lufthansa_DE Seems the @lufthansa backend got confused. Elizabeth at the United Club in @DENAirport checked with LH.,@user seems the @user backend got confused elizabeth at the united club in @user checked with lh
1151913248352088070,"RT @KenJennings: I'm flying home from Europe and remembering that Lufthansa's in-flight meal is, like, four kinds of bread. Pasta, roll, cr‚Ä¶",im flying home from europe and remembering that lufthansas inflight meal is like four kinds of bread pasta roll cr
1243270529575833600,"RT @airlinevideos: LUFTHANSA 456 SUPER lands on runway 24R at @flyLAXairport on March 8th, 2020. üéß #ATC courtesy of https://t.co/cAukEDMkGH‚Ä¶",lufthansa 456 super lands on runway 24r at @user on march 8th 2020 #atc courtesy of
1224568522656944129,"Rolling above taxiway Bravo

@LufthansaLatina / @Airbus 340-642 / Mexico City üìçüì∑

#lufthansa #airbus #airbusa340 #a340 #airbusfans #airbuslovers #aicm #mmmx #aviation #aviationphotography #AvGeek #aviationlovers #planespotting #aviaci√≥n #fotograf√≠adeaviaci√≥n #airportlife #mex https://t.co/eOafZJmBXV",rolling above taxiway bravo @user @user 340642 mexico city #lufthansa #airbus #airbusa340 #a340 #airbusfans #airbuslovers #aicm #mmmx #aviation #aviationphotography #avgeek #aviationlovers #planespotting #aviaci√≥n #fotograf√≠adeaviaci√≥n #airportlife #mex
1132737793103294464,RT @_zxchhh: Loving these A380's from @emirates @Lufthansa_USA @airfrance https://t.co/hJ2IBxJ3iq,loving these a380s from @user @user @user
1179730467727261700,"@lufthansa Do you have personal available at JHB Intl. airport that can assist the elderly with checking them in and assisting them to get onboard the flight and disembark safely in Frankfurt.

Thank you",@user do you have personal available at jhb intl airport that can assist the elderly with checking them in and assisting them to get onboard the flight and disembark safely in frankfurt thank you
1149734480434929664,RT @TommySheringham: What else do you do when your flight is cancelled.... #wimbledon2019 semifinal. C‚Äômon Federer! #lufthansaüá©üá™ @ Frankfur‚Ä¶,what else do you do when your flight is cancelled #wimbledon2019 semifinal cmon federer #lufthansa @ frankfur
1232820171200499712,"Lufthansa to freeze hiring, cut costs over coronavirus https://t.co/dCIC0KXoQa #Companies https://t.co/eQQT8822Zi #600",lufthansa to freeze hiring cut costs over coronavirus #companies #600
1149059366601068544,"RT @Airlineroute: Lufthansa on Wednesday (10JUL19) opened reservation for new Airbus A380 service from Munich to Boston, San Francisco and‚Ä¶",lufthansa on wednesday 10jul19 opened reservation for new airbus a380 service from munich to boston san francisco and
1191343581610434560,RT @AFP: #BREAKING Lufthansa faces cabin crew strike on Thursday and Friday: union https://t.co/jeWFlyKjXi,#breaking lufthansa faces cabin crew strike on thursday and friday union
1155760914223771648,#IAG structure becoming contagious.... @lufthansa @Ryanair #airlines,#iag structure becoming contagious @user @user #airlines
1211587437014609920,@indoflyer Lufthansa. Say yes to the world!,@user lufthansa say yes to the world
1240852809224007681,"RT @followlasg: We are appealing to everyone that were on these two airlines - 
Turkish flight of 14th of March, 2020 TK1830 and Lufthansa‚Ä¶",we are appealing to everyone that were on these two airlines turkish flight of 14th of march 2020 tk1830 and lufthansa
1206646275715862531,"RT @meista_86: @lufthansa I also had to cancel a flight at the beginning of November, and was supposed to be refunded the taxes. However, I‚Ä¶",@user i also had to cancel a flight at the beginning of november and was supposed to be refunded the taxes however i
1234166796787294209,"@ankurgambhir4 @EmiratesSupport @lufthansa @qatarairways While Emirates is working on your issue, here is our useful tip of the day to make your day better; try an eSIM for your next trip and avoid overseas mobile data charges ;) https://t.co/G8Onq5gzLk",@user @user @user @user while emirates is working on your issue here is our useful tip of the day to make your day better try an esim for your next trip and avoid overseas mobile data charges
1151788844578037760,Lufthansa plane evacuated at Belgrade airport after bomb threat call https://t.co/cnp3KV0yKk,lufthansa plane evacuated at belgrade airport after bomb threat call
1156016243612114944,Queen üë∏ of the sky taxiing for take off. #fly2ohare  @staralliance #staralliancestrong @lufthansa https://t.co/8QtWLEBIG8,queen of the sky taxiing for take off #fly2ohare @user #staralliancestrong @user
1204792961390612480,"We expanded our @lufthansa
#business class reviews to 13!
Big thanks to the amazing reviews from:
@thepointsguy
@Em_McNutt
@TheTravelUpdate
@turningleftfor
@princeof_travel
@10xTravel
@LuxTravelExpert

To enable our expansion!

https://t.co/Ik7LlWlyi6  #airlines #travel #avgeek",we expanded our @user #business class reviews to 13 big thanks to the amazing reviews from @user @user @user @user @user @user @user to enable our expansion #airlines #travel #avgeek
1147169424400683009,RT @RunwayGirlBecca: ICYMI: Why Lufthansa keeps first class but is reconsidering sandwich catering https://t.co/2OUetqN0rI #PaxEx #avgeek #‚Ä¶,icymi why lufthansa keeps first class but is reconsidering sandwich catering #paxex #avgeek #
1244650089378873346,RT @JetPhotos: Nearly two dozen Lufthansa wide body aircraft now parked on Frankfurt‚Äôs RWY 07L/25R. https://t.co/zOC4A5LHlB ¬© Jens Brokuf h‚Ä¶,nearly two dozen lufthansa wide body aircraft now parked on frankfurts rwy 07l25r jens brokuf h
1192525632783171587,@josefprusa @lufthansa @OrlMakerFaire I hope you'll be able to make it! I'm really looking forward to seeing you!,@user @user @user i hope youll be able to make it im really looking forward to seeing you
1240593830975586304,"RT @sleekybentley89: Good evening, my husband just came back from Spain today and he's feeling unwell. He came back with Lufthansa airline‚Ä¶",good evening my husband just came back from spain today and hes feeling unwell he came back with lufthansa airline
1140967622051356672,"Lufthansa Will Charge for Some Biz Class Perks on Its 777X Aircraft:
https://t.co/v2JgJSIh8j
#Aviation #Airline #Airport #Aircraft https://t.co/E59KFxRaZf",lufthansa will charge for some biz class perks on its 777x aircraft #aviation #airline #airport #aircraft
1215224429891985408,"RT @MigunaMiguna: The Lufthansa Group which owns and operates @lufthansa, the airline that acquiesced to an illegal RED ALERT by Despot Uhu‚Ä¶",the lufthansa group which owns and operates @user the airline that acquiesced to an illegal red alert by despot uhu
1141007901013753857,Flying to Milan via Frankfurt. Learned the hard way that #Lufthansa is German for terrible service,flying to milan via frankfurt learned the hard way that #lufthansa is german for terrible service
1225117164455198720,#NTTDATA was awarded a GSA award for the delivery of cloud transformation services at Lufthansa Group. @GSA_UK  https://t.co/T0T2HjqN7z,#nttdata was awarded a gsa award for the delivery of cloud transformation services at lufthansa group @user
1196972515274436609,Lufthansa: Stop transporting Irish greyhounds to China! Plz sign: https://t.co/DQTXyJSr7t https://t.co/mXkPjGP2zw,lufthansa stop transporting irish greyhounds to china plz sign
1170318902351618048,"RT @Enrique77W: The @lufthansa #FlyingLab is asking passenger volunteers to participate in one of today‚Äôs sessions at 38,000 feet.

‚ÄúWe are‚Ä¶",the @user #flyinglab is asking passenger volunteers to participate in one of todays sessions at 38000 feet we are
1214490234773266432,"Sale
Curren army 8266 for men
20% off from Kshs. 4,000 to 3,200
2 year battery life
Packed in a gift box
Pay on delivery in Nairobi
Call: 0722525379

#JSWR #MIGUNAMIGUNA #TheStripesOfMoses #TuesdayThoughts #tecnofootballseason
Germany Jakom Lufthansa red alert
Dadaab https://t.co/jRTEW7tpel",sale curren army 8266 for men 20 off from kshs 4000 to 3200 2 year battery life packed in a gift box pay on delivery in nairobi call 0722525379 #jswr #migunamiguna #thestripesofmoses #tuesdaythoughts #tecnofootballseason germany jakom lufthansa red alert dadaab
1155969033960751104,"RT @Jefferson_MFG: So far this year, Derby's Rolls-Royce has won major orders from German airline Lufthansa, Taiwanese airline Starlux, Dub‚Ä¶",so far this year derbys rollsroyce has won major orders from german airline lufthansa taiwanese airline starlux dub
1161975549163638785,"#A380
The report about ‚úàÔ∏èA380 airbus üëçüèº
https://t.co/TdslORIJo2
Primary user :
 Fly Emirates
 Singapore Airlines
 Quantas
 Lufthansa
 Qataria  airlines 
 Etihad Airways
 Malaysia Airlines",#a380 the report about a380 airbus primary user fly emirates singapore airlines quantas lufthansa qataria airlines etihad airways malaysia airlines
1232648951657926656,Lufthansa Group freezes hiring and offering unpaid leave for staff‚Ä¶ https://t.co/Gmuth5j9jc,lufthansa group freezes hiring and offering unpaid leave for staff
1224080112435507200,"RT @cnni: British Airways, Qantas and Lufthansa -- among others -- have announced they will stop flying to mainland China as coronavirus ca‚Ä¶",british airways qantas and lufthansa among others have announced they will stop flying to mainland china as coronavirus ca
1215414080611110913,RT @yashar: European Commercial airliners like Air France and Lufthansa flew in and out of Iran during the Iran/Iraq war every day for 9 ye‚Ä¶,european commercial airliners like air france and lufthansa flew in and out of iran during the iraniraq war every day for 9 ye
1177665312948457475,RT @Immilliii: @lufthansa Will flight LH1342 to Budapest wait for us? We are disembarking in Frankfurt from our 1st LH delayed flight,@user will flight lh1342 to budapest wait for us we are disembarking in frankfurt from our 1st lh delayed flight
1215630684620034050,"RT @AlArabiya_Eng: Lufthansa instructed a plane en route to Tehran to turn back to Frankfurt on security concerns on Thursday, a statement‚Ä¶",lufthansa instructed a plane en route to tehran to turn back to frankfurt on security concerns on thursday a statement
1206140731586437120,RT @yevhenfedchenko: How @lufthansa created catering subsidiary in #Crimea to avoid #EU sanctions - great investigation how European busine‚Ä¶,how @user created catering subsidiary in #crimea to avoid #eu sanctions great investigation how european busine
1229669716093997056,RT @georgiendirangu: It‚Äôs been known for a while that SOME global airlines operate older planes ONLY in Africa. I sat down with @lufthansa‚Ä¶,its been known for a while that some global airlines operate older planes only in africa i sat down with @user
1143451921329602562,"RT @gsehringer: 50 sessions, experts from LinkedIn to Lufthansa, even our own beer brand - can't miss #CamundaCon. Last chance for Early Bi‚Ä¶",50 sessions experts from linkedin to lufthansa even our own beer brand cant miss #camundacon last chance for early bi
1196540172604780544,"Flying beauty
Photo: SDASM
Aircraft: McDonnell Douglas DC-10-30
Airport:
Reg: D-ADAO named ""D√ºsseldorf""
Engs: GE CF6-50C2
Date: Dec.1973
Status: Scrapped as ""N601GC"" Nov.2010
DD: Nov.12.1973
Age: 37.3 Yrs
#lufthansa #avgeek #d√ºsseldorf #mcdonnelldouglas #dc10 https://t.co/1QMAdK2cPl",flying beauty photo sdasm aircraft mcdonnell douglas dc1030 airport reg dadao named d√ºsseldorf engs ge cf650c2 date dec1973 status scrapped as n601gc nov2010 dd nov121973 age 373 yrs #lufthansa #avgeek #d√ºsseldorf #mcdonnelldouglas #dc10
1197249627562463233,"RT @aviation24glb: Lufthansa Super lining up on 24L beneath a patchy marine layer at LAX. 

By: @onemoreweektogo https://t.co/ap7VQkQQIL",lufthansa super lining up on 24l beneath a patchy marine layer at lax by @user
1242703399591669761,Hey @makemytrip  please provide me update about my Booking IDIN1B1582897881677 . My Lufthansa flight to Toronto got cancelled and i have generated a refund claim through self service page. please give an update reply soon. üôèüôè,hey @user please provide me update about my booking idin1b1582897881677 my lufthansa flight to toronto got cancelled and i have generated a refund claim through self service page please give an update reply soon
1160603707265781760,"RT @Lufthansa_India: What‚Äôs your dream destination in Europe? Tell us where and why, your dream could come true! To celebrate 25 years of f‚Ä¶",whats your dream destination in europe tell us where and why your dream could come true to celebrate 25 years of f
1222538199022678016,RT @zerohedge: *LUFTHANSA CANCELS ALL FLIGHTS TO CHINA: BILD,lufthansa cancels all flights to china bild
1240575532502323201,RT @SpaethFlies: BREAKING - @Airport_FRA will close one runway plus adjacent taxiway to park @lufthansa aircraft. Other of the 700 a/c grou‚Ä¶,breaking @user will close one runway plus adjacent taxiway to park @user aircraft other of the 700 ac grou
1226578899469029378,RT @AnimalsBelize: Lufthansa: Stop transporting Irish greyhounds to China! Plz sign: https://t.co/3WnuvaDPSr https://t.co/tIMNF5FoxU,lufthansa stop transporting irish greyhounds to china plz sign
1244072998015033345,@pinksgifs @lufthansa same it has been there since the 17th now KDJDKSKSKKDKSS,@user @user same it has been there since the 17th now kdjdkskskkdkss
1136151768767901697,RT @Joe_English6: @lufthansa I've sent three responding emails to your customer relations department informing them that I have not receive‚Ä¶,@user ive sent three responding emails to your customer relations department informing them that i have not receive
