"text,label"
"""Great work @lufthansa take a suit carrier off me and then have me waste a full hour waiting on the i"",negative"
"""RT @SiroCuartel: @airfrance @Iberia @lufthansa @AirEuropa necesitamos pasajes para llevar ayuda a #C"",neutral"
"""Hey @lufthansa, I'd think that a company as big as yours would segment newsletter subs at least a le </s> @WondWand @lufthansa I really hate this. Like when I get email updates for events at the Hoxton for  </s> @AWlustForLife @lufthansa Yeah, it's super easy to add niche/demography specific tags to subs. Don't </s> @AWlustForLife @lufthansa Imagine I was a woman who wants kids but can't have them. Painful. </s> @WondWand @lufthansa Totally get that. They should have some sort of AI that watches what kind of ti </s> @AWlustForLife @lufthansa Basic newsletter click-based tagging would do the trick."",negative"
"""RT @AlexInAir: New @Lufthansa A321neo cabin ‚Äî features new sears, tablet holders &amp; USB ports at "",positive"
""".@lufthansa receives first A321neo in @Airport_FRA \n(@lufthansaNews )\n\n#Transportation #aviation #av"",neutral"
"""RT @ITLNLive: .@lufthansa receives first A321neo in @Airport_FRA \n(@lufthansaNews )\n\n#Transportation"",neutral"
"""Dear @united please follow suite with the rest of these airlines. I use you due to @lufthansa freque"",negative"
"""RT @lufthansavintag: Summer time\nPhoto: JA8037„Åï„Çì\nAircraft: McDonnell Douglas DC-10-30\nAirport: Narit"",neutral"
"""Mensch, schon wieder Mittwoch. Wie doch immer die Zeit vergeht.... hey @lufthansa &amp; @Lufthansa_D"",neutral"
"""RT @Lufthansa_India: Is your flight on time? What gate does your plane leave from? Get answers to th"",neutral"
"""@lufthansa Group Airlines offer more than 11,000 flights a week to more than 270 destinations #world"",neutral"
"""RT @Lufthansa_India: Is your flight on time? What gate does your plane leave from? Get answers to th"",neutral"
"""Hi @lufthansa on your app, flight 464 is listed as ‚Äúon time‚Äù. It has. It left yet. Any update on thi"",negative"
"""Hi @lufthansa on your app, flight 464 is listed as ‚Äúon time‚Äù. It has not left yet. Any update on thi </s> @jwwashburn We expect to receive more information at 15:30 from the airport. As soon as there is an  </s> @lufthansa It is much later now.......... what‚Äôs going on? </s> @jwwashburn Sorry, the airport still hasn't sent an update regarding a new departure time. /Nes"",negative"
"""RT @lufthansavintag: Summer time\nPhoto: JA8037„Åï„Çì\nAircraft: McDonnell Douglas DC-10-30\nAirport: Narit"",neutral"
"""RT @Lufthansa_India: Is your flight on time? What gate does your plane leave from? Get answers to th"",neutral"
"""RT @lufthansavintag: Summer time\nPhoto: JA8037„Åï„Çì\nAircraft: McDonnell Douglas DC-10-30\nAirport: Narit"",neutral"
"""RT @lufthansa: @ukonphil My colleagues from Customer Relations cannot be reached telephonically, my "",negative"
"""A huge thank you to @lufthansa for upgrading us on our flight from SEA-&gt;FRA yesterday on our daug </s> @gregwhitworth I'm happy to hear you and your family enjoyed the flights, Greg! Have a great time in </s> @gregwhitworth @lufthansa @MakeAWishAKWA Amazing Greg! You &amp; your family have been through so mu </s> @gregwhitworth @lufthansa WOW! That is so great! Thank you @Lufthansa for taking care of our #WishFa"",positive"
"""RT @Lufthansa_India: Is your flight on time? What gate does your plane leave from? Get answers to th"",neutral"
"""Meet """"Trapper""""!  This handsome boy flew safely with @lufthansa to #Germany and has made himself righ"",positive"
"""RT @lufthansa: @ukonphil It's a pleasure. Please keep in mind that a compensation in form of a compl"",positive"
"""New seats onboard @lufthansa's 1st @Airbus A321neo (D-AIEA). Manufactured by Geven (Italy), the new "",neutral"
"""@lufthansa i paid to reserve seats for me and my family . Unfortunately I receive email from Lufthan </s> @abdulaziz_2040 Sorry to hear. Kindly give my colleagues from Technical Support a call https://t.co/ </s> @lufthansa I will not call them because it will cost me a lot . I have sent them an email along time </s> @abdulaziz_2040 I would be very glad to help, I am unfortunately unable to access the feedback you s </s> @lufthansa I do not want to make any call. Why the did not respond to my email ??? Why you cant acce </s> @abdulaziz_2040 We do not have any insight into their correspondance. If you would like to find out  </s> @lufthansa R u lufthansa???!!! </s> @abdulaziz_2040 This is the Lufthansa Social Media team. We do not have access or are able handle cl </s> @lufthansa Im your customer, i did tried and send support team a massege , no one respond . Should i"",negative"
"""@lufthansa i am still waiting for delayed baggage compensation and any update regarding it..you are  </s> @nilay_patel21 I can confirm that Customer Relations are currently handling your case. They will get </s> @lufthansa But how much time it will take?? </s> @nilay_patel21 . Kindly understand as each feedback is handled individually we cannot provide you wi"",negative"
"""@Lufthansa flight LH464 two days in a row... mechanical issues. #stuckonplaneforhours #Lufthansa"",negative"
"""Nur f√ºr den Fall das @Lufthansa_DE den Herrn Schmierwurst gemutet hat - ich w√ºrde auch gern wissen w"",neutral"
"""@lufthansa Could you please tell me when bag drop opens at Terminal 2 at @HeathrowAirport? I've got  </s> @ankasi78 The counter opens at 4am and luggage has to be dropped off 45 minutes before departure. /N </s> @lufthansa Perfect, thank you very much for the information. </s> @ankasi78 Anytime, Anja, enjoy the flight! /Nes"",neutral"
"""The #wingview from my flight with @lufthansa from @frankfurtairport to @heathrow_airport last month!"",neutral"
"""RT @JeremyBrookman2: The #wingview from my flight with @lufthansa from @frankfurtairport to @heathro"",neutral"
"""@lufthansa lost my case, I'm on a business trip and have lost all training materials, chargers, clot </s> @mrsnicb Sorry to hear, apologies! For updates and assistance, pls keep in touch with your local res </s> @lufthansa Unfortunately they have not even traced my bag yet... No urgency from them... I have been </s> @mrsnicb Sincerest apologies for the upset caused. Please keep receipts of all necessary interim pur"",negative"
"""RT @elpaco313: @united @lufthansa We‚Äôre coming up on the 20 day mark and still no refund. At this po"",negative"
"""RT @Lufthansa_India: Is your flight on time? What gate does your plane leave from? Get answers to th"",neutral"
"""RT @lufthansa: @elpaco313 Please clarify: are you awaiting a refund from United or from Lufthansa? /"",neutral"
"""RT @LarisaL0ve: Also @lufthansa if that‚Äôs a ‚Äúrule‚Äù of yours then train your staff to ask NICELY!!!\nI"",negative"
"""RT @LarisaL0ve: Hey @lufthansa you have the most rudest flight attendants.\nI can‚Äôt cross cross my le"",negative"
"""RT @Schmierwurst: Hey @Lufthansa_DE &amp; @lufthansa , ich wei√ü, montags is‚Äô immer so viel zu tun ab"",neutral"
"""RT @Schmierwurst: Hey @lufthansa &amp; @Lufthansa_DE , erkl√§rt uns doch mal bitte kurz was ihr mit d"",neutral"
"""RT @lufthansavintag: Summer time\nPhoto: JA8037„Åï„Çì\nAircraft: McDonnell Douglas DC-10-30\nAirport: Narit"",neutral"
"""Cheeky little duck... ‚Å¶@Lufthansa_FCT‚Å© ‚Å¶@lufthansa‚Å© #ducksontour https://t.co/NjH6ncPscA"",neutral"
"""RT @AeronewsRO: New seats onboard @lufthansa's 1st @Airbus A321neo (D-AIEA). Manufactured by Geven ("",neutral"
"""@lufthansa being denied lounge access at #Dresden airport despite holding @staralliance  Gold status </s> @sameernagpal Please find all information regarding your lounge access as a Star Gold member booked "",negative"
"""RT @Azzion: @lufthansa @Flight_Refunds @Expedia @qatarairways @emirates @Lufthansa_USA @Lufthansa_DE"",negative"
"""RT @elpaco313: @united and @lufthansa I like how you went from \""your refund is on the way\"" to \""who d"",negative"
"""@lufthansa first time flying, first delay on Amsterdam to Frankfurt because of that we missed our fl </s> @Cidion Sorry to hear that your travels are affected by a delay. My colleagues try their best to ass </s> @lufthansa While we're waiting still on standby and not anywhere closer to our destination they are "",negative"
"""RT @melbtravel: What a lovely morning at the influencer networking breakfast with @VisitGermanyUK &a"",positive"
"""Non hai ancora prenotato le vacanze? Vieni a trovarci da #egytravel in via Monte Ceneri 36, Milano! "",neutral"
"""SUMMER: Munich or Frankfurt, Germany to European cities (&amp; vice versa) from only ‚Ç¨89 roundtrip w </s> @SecretFlying @lufthansa this aint the golden state warriors?"",neutral"
"""Why, @lufthansa, do your safety instructions have a woman carrying the children &amp; babies, helpin"",negative"
"""Make Europe great (again)! üá™üá∫Europe first! Etc....Fantastic campaign by @lufthansa Danke! #EuropeanE"",positive"
"""Dear @lufthansa, cold vegetables and a fruit salad is not an acceptable vegetarian meal in business  </s> @garlandsmith @lufthansa The problem (at least for me!) is that airlines treat veggies as vegans. Re </s> @KristineGarina @garlandsmith @lufthansa Strangely for a meat eater but I generally order vegan meal </s> @clubsane @garlandsmith @lufthansa Fine, then you‚Äôve chosen vegan and that‚Äôs what you get. But if I  </s> @KristineGarina @clubsane @garlandsmith @lufthansa I agree, especially since airlines seem to have z </s> @KristineNYC @KristineGarina @garlandsmith @lufthansa I think most airline food is tasteless and lac </s> @KristineGarina @garlandsmith @lufthansa I think you're right, some restaurants do this too, vegan c </s> @tonydavidwood @garlandsmith @lufthansa Restaurant is a different cause you‚Äôll know what you‚Äôre gett </s> @KristineGarina @garlandsmith @lufthansa yep agree, we got upgraded recently but no veggie meal book </s> @tonydavidwood @KristineGarina @lufthansa @KristineNYC lush veggie dinner at the lounge ‚Ä¶. https://t </s> @garlandsmith @KristineGarina @lufthansa @KristineNYC üòè </s> @garlandsmith @tonydavidwood @KristineGarina @lufthansa I guess I‚Äôve been luckier with my lounges! L </s> @garlandsmith @tonydavidwood @KristineGarina @lufthansa https://t.co/D8MfytPlBg </s> @garlandsmith @tonydavidwood @KristineGarina @lufthansa https://t.co/9RRZEED7bm </s> @KristineNYC @garlandsmith @KristineGarina @lufthansa If we get a lounge I usually raid the fresh fr </s> @tonydavidwood @garlandsmith @KristineGarina @lufthansa Here‚Äôs the made-to-order guac I love so much </s> @KristineNYC @garlandsmith @KristineGarina @lufthansa Looks great, fresh made guacamole is the best. </s> @tonydavidwood @garlandsmith @KristineGarina @lufthansa It is! üòÄ I get mine made with everything exc </s> @tonydavidwood @garlandsmith @KristineGarina @lufthansa Loads of great veggie options at the BA loun </s> @KristineNYC @garlandsmith @KristineGarina @lufthansa I‚Äôm hungry üòã </s> @tonydavidwood @garlandsmith @KristineGarina @lufthansa I‚Äôm not! üòÇ I don‚Äôt ever need to eat again! üòÄ </s> @tonydavidwood @garlandsmith @KristineGarina @lufthansa This is absolutely delicious, but I have no  </s> @KristineNYC @tonydavidwood @garlandsmith @KristineGarina @lufthansa So starter sorted. Yummalishess </s> @clubsane @tonydavidwood @garlandsmith @KristineGarina @lufthansa Looks like the best options for a  </s> @KristineNYC @tonydavidwood @garlandsmith @KristineGarina @lufthansa Looks pretty good stuff. Dig in </s> @clubsane @tonydavidwood @garlandsmith @KristineGarina @lufthansa There‚Äôs lots of cold salad-y thing </s> @clubsane @tonydavidwood @garlandsmith @KristineGarina @lufthansa And of course everything in this p </s> @KristineNYC @tonydavidwood @garlandsmith @KristineGarina @lufthansa Mmmmmmmm! I want 1 of each üòõ </s> @KristineNYC @clubsane @tonydavidwood @garlandsmith @KristineGarina @lufthansa They look so good. Xx </s> @garlandsmith I am sorry to hear about this! Please forward all details to my colleagues from Custom </s> @lufthansa I emailed customer.relations@lufthansa.com with a significant complaint on May 18th and s </s> @garlandsmith It you received a feedback ID then you can rest assured that your details are register </s> @lufthansa That's an infuriating response. </s> @garlandsmith Did you receive a feedback ID? /Ella </s> @lufthansa Yes on May 18th then nothing. </s> @garlandsmith You are most welcome to advise your feedback ID and I will try my best to assist. /Ell </s> @lufthansa 32997821   Thank you </s> @garlandsmith Thank you for your feedback ID. Our colleagues at the customer relations department ar </s> @lufthansa Hi guys, still nothing. The matter is still unresolved. Do you a phone number in the UK t </s> @garlandsmith Sorry to hear. They are doing their best - please allow them some more time, they will </s> @lufthansa Is there a number I can call? Or can someone call me? </s> @garlandsmith Customer Relations can only be reached via email and we're unable to arrange a callbac </s> @lufthansa That‚Äôs not good I‚Äôm afraid"",negative"
"""Hey @lufthansa, your customer service line isn‚Äôt answering my calls. Any chance you guys have an alt </s> @ChrisFenoglio These are all our contact details https://t.co/tXXaeaMGbC . /Susi"",negative"
"""RT @SteffenHudolin: Make Europe great (again)! üá™üá∫Europe first! Etc....Fantastic campaign by @lufthan"",positive"
"""@lufthansa I am trying to call your customer service line (USA), and no one is picking up. I thought </s> @aindap Sorry to hear! However, my colleagues are available 24 hours. I have just double checked the </s> @lufthansa The call goes through but no one picks up and after 20 rings it gets disconnected </s> @aindap I tested the line and was put through to a colleague after a few seconds. Please try and cal </s> @lufthansa ok, great I finally got through."",neutral"
"""Happy #wingwednesday! Here‚Äôs a gorgeous @lufthansa 747 at Frankfurt airport. @ Frankfurt, Germany ht"",positive"
"""@lufthansa Cargo Boeing 777-FBT Matricula D-ALFC acabou de decolar aqui de Curitiba Proa VCP. Que Li"",neutral"
"""@Air_Dolomiti @lufthansa\nCustomer service when cancelling 1st flight - appalling\nCustomer service wh"",negative"
"""@lufthansa @British_Airways @emirates @qatarairways \n\nCould you check feasibility and consider to ad </s> @msreedhar2k @vizag_airport @lufthansa @British_Airways @emirates @qatarairways @UttarandhraNow @luf </s> @maddaliprashant Currently there are no plans to offer a service to VTZ, but perhaps at some point i </s> @msreedhar2k @lufthansa @British_Airways @emirates @qatarairways @vizag_airport @UttarandhraNow u DO"",neutral"
"""RT @itzdipy: @lufthansa Thanks its resolved and I got my refund today.."",positive"
"""THANK YOU! @lufthansa LH033 &amp; LH1402, @HamburgAirport and @Airport_FRA - for the latter especial </s> @bctallis @lufthansa @HamburgAirport @Airport_FRA Incapacitated? What did they do to you at @IFSHHam </s> @frankstengel @lufthansa @HamburgAirport @Airport_FRA @IFSHHamburg @DelfRothe Don‚Äôt cross Don Holger </s> @bctallis @lufthansa @HamburgAirport @Airport_FRA @IFSHHamburg @DelfRothe You got off easy then. I r </s> @bctallis @lufthansa @HamburgAirport We're happy that you enjoyed your trip and forwarded your thank </s> @bctallis @lufthansa @Airport_FRA Thank you so much for your kind words. We really appreciate it. Ho"",positive"
"""Lufthansa Plans To Its Shift Its Miles &amp; More Frequent Flier Program Awards To Dynamic Pricing v"",neutral"
"""Classic @Airport_FRA #DC10 image from the @lufthansa archive https://t.co/ilrM8cpMl4 </s> @MaxK_J @Airport_FRA @lufthansa Wonderful as always! </s> @MaxK_J @Airport_FRA @lufthansa Operator name and type of aircraft positioned to the rear? </s> @GlobalRanger @MaxK_J @Airport_FRA @lufthansa It is a mad dog ,DC-9 ,but I don‚Äôt recognise the airli </s> @TWAVIATOR1 @MaxK_J @Airport_FRA @lufthansa So that rules-out the VFW-Fokker 614 üòú Admit I was strug </s> @GlobalRanger @TWAVIATOR1 @Airport_FRA @lufthansa Itavia Diesel 9 https://t.co/wl9r4bClHD </s> @MaxK_J @TWAVIATOR1 @Airport_FRA @lufthansa #Respect on that. </s> @MaxK_J @GlobalRanger @Airport_FRA @lufthansa The airline that had a DC-9 shot down .The exact cause </s> @MaxK_J @GlobalRanger @Airport_FRA @lufthansa Also L-1649. They often arrived at destination on thre </s> @TWAVIATOR1 @GlobalRanger @Airport_FRA @lufthansa And 747-100s. Those early JT9Ds were so unreliable </s> @MaxK_J @Airport_FRA @lufthansa That sure is beautiful!"",neutral"
"""Day 2 and no luggage.... \n\nNo charger for my laptop...\n\nNo mic, mic stand and leads for a last min s </s> @KalLavelle @lufthansa Oh no... It will arrive. ... üôè\nThe airline has done amazingly well to lose it </s> @LindaB47363973 @lufthansa Yeh both journeys. Kinda crazy really. üò¨ü§Ø </s> @KalLavelle @lufthansa Noooooooooo!!!!! https://t.co/nh3M8mGo8w </s> @e__amato @lufthansa Yeh.... :( Was told earlier a bag ‚Äòlike‚Äô mine would be on a 6.45pm flight into  </s> @e__amato @lufthansa Yeh.... :( Was told earlier a bag ‚Äòlike‚Äô mine would be on a 6.45pm flight into  </s> @KalLavelle @lufthansa That is so sadmaking for me and infuriating for you! I'm so sorry!üò¢ Lmk if th"",negative"
"""Life can get pretty hectic for an international baby on the go. That‚Äôs why a premium is placed on ro </s> @BigAntHerron @TravelLeisure @Carters @staralliance @united Adorable! He definitely looks comfortabl </s> @lufthansa @TravelLeisure @Carters @staralliance @united There weren‚Äôt many other folks flying Busin"",positive"
"""Stumbled upon these #QOTS side-els on the @lufthansa website @BoeingAirplanes #B747 https://t.co/wXE </s> @MaxK_J @lufthansa @BoeingAirplanes The -8 doesn't look so stretched until you see it like that </s> @SamHorowitz @lufthansa @BoeingAirplanes Big ship! </s> @MaxK_J @lufthansa @BoeingAirplanes Like an A340-600 that fell off the diet wagon ;-)"",positive"
"""A @lufthansa Airbus a380 &amp; @British_Airways Embraer ERJ-190 jockeying for position in Munich. I  </s> @awsgeek @PlaneSpotIsCool @lufthansa @British_Airways Looks like the fuselage of that ERJ could slid"",neutral"
"""@lufthansa Tried to check in on my flight to Tampa via Frankfurt later this morning, but after submi </s> @iWarhead Hello Lars, we as Social Media team do not have access to the reservation system. Therefor </s> @lufthansa They don't open the line until 7, my flight is at 9:50. </s> @iWarhead Please choose one of our 24 hour Service Center, e.g. Germany from the drop down menu. /Al </s> @lufthansa Is there no online service I can reach?"",negative"
"""It's somewhat surprising that as a @TMobile customer, I don't get free access to T-Mobile HotSpot on"",negative"
"""@lufthansa    Why does it take so long to get a refund when Lufthansa cancels a flight? My flight wa </s> @DVeelik Hello Daniel, it takes up the 10 workings days to reflected in your account. I apologize fo"",negative"
"""Que ganas de subirme en ese avi√≥n de @lufthansa ‚ú®üòçüíñ"",positive"
"""@lufthansa i have wriiten to you guys 8 times regarding my very disappointing flight with Lufthansa  </s> @ShelleyPetruzz1 Hello Shelley, I am sorry to hear about your experience and want to apologize for t"",negative"
"""No matter where you are, you just have to stop and admire the Queen.\n@lufthansa Boeing 747-8 arrivin"",positive"
"""@lufthansa  Why is the Miles &amp; More website so awful?  Today's problem is that I can't login.   "",negative"
"""@British_Airways @Lufthansa @airindiain @emirates @singaporeAir @united @cathaypacific @ThaiAirways\n"",neutral"
"""We're on the ground in Singapore at our conference REACH your Customers. Thanks to @lufthansa for sh"",positive"
"""@lufthansa hi! Is there any problem with the app? I cant't log in, neither see my reservation ‚òπ </s> @bodokeairlines I am sorry to hear that you are facing technical difficulties. Please give my collea </s> @lufthansa Thanks!!"",negative"
"""RT @lufthansa: Since April 24th, instead of the Lufthansa lettering, a call for the European electio"",neutral"
"""\""Be relevant. Be nimble. Be agile. Put the customer at the centre of everything &amp; you'll be righ"",neutral"
"""Maybe @lufthansa should be a partner of the team's...\n#staralliance √† Frankfurt, Germany https://t.c"",neutral"
""".@lufthansa receives first A321neo in @Airport_FRA \n(@lufthansaNews )\n\n#aviation #AvGeek\nhttps://t.c"",neutral"
"""@lufthansa still no action taken in regards to my email sent for feedback ID 32988112 where overall  </s> @gagandeeply According to my colleagues, your request is currently in processing. Unfortunately, we "",negative"
"""@lufthansa is your online checkin unavailable? </s> @varkohli We're unaware of current issues. Please keep trying or call our Technical service: https:/ </s> @lufthansa I did call your support number and they said that they are aware of the issue..."",negative"
"""@lufthansa i can‚Äôt access my mobile boarding pass. error 403?? both on my phone and laptop, tried di </s> @samuelpolat This sounds strange! Unfortunately, I'm unable to verify on the error. Please call our "",negative"
"""‚ÄúTraffic, 3 o‚Äôclock, opposite direction.‚Äù Over the Alps this morning on my @lufthansa A320 flight fr"",positive"
"""Also shout out to @lufthansa for giving me one of the best flight meals I ever had on my flight to S </s> @MarthaMarvelous Sounds amazing and very mouthwatering! üòã Happy to hear that served meals left you a"",positive"
"""I miss the yellow in the @lufthansa livery! At @Airport_FRA this morning. https://t.co/leIN9muiYy </s> @HowardSlutsken @lufthansa @Airport_FRA Ditto! Can‚Äôt believe people inside the airline thought it wa"",positive"
"""Als w√§re das Prdoukt nicht schon unattraktiv genug... @Lufthansa_DE plant f√ºr Miles &amp; Cash √§hh #"",negative"
"""Thank you @lufthansa for putting effort in taking care of these long legs. https://t.co/f4XwyE3JLk </s> @tomasvds Make yourself comfortable and enjoy the flight, Tomas! /Nes </s> @tomasvds @lufthansa I've had better. https://t.co/hS8cMYMc4q </s> @tomasvds @lufthansa Haha! Olycklig produktplacering."",positive"
"""Kudos to @lufthansa for their powerful pro European message. Great to see major companies taking up "",positive"
"""So had a nightmare journey from Manchester to Wroc≈Çaw with @lufthansa on Tuesday, we ended up drivin"",negative"
"""@lufthansa No response from the feedback form, zero knowledge at any of your Israeli phone numbers,  </s> @DanielRozenber4 Sorry to hear that, Daniel! Kindly provide me with your feedback ID. I'll ask my co"",negative"
"""What an epic view with @lufthansa last night over the Alps ‚ù§Ô∏è https://t.co/y4nJqX9Irp"",positive"
"""So had a nightmare journey from Manchester to Wroc≈Çaw with @lufthansa on Monday, we ended up driving </s> @alan_howarth @lufthansa Hello, you may check your possible compensation amount in\nhttps://t.co/BTm0"",negative"
"""[R√©cit de vol] Un vol plut√¥t agr√©able sur @lufthansa en Business entre @Airport_FRA üá©üá™ et Beirut üá±üáß "",positive"
"""@lufthansa Tried online and using the app to check in to get boarding passes for connecting flights  </s> @StephanieCxxx Sorry to hear that! For Lufthansa operated flights, check in opens 23 hours prior dep </s> @lufthansa My flights are in less than 23 hours. I have my first boarding pass from EgyptAir but can </s> @StephanieCxxx Egypt Air will check you through as first carrier. If you haven't received the boardi </s> @lufthansa So would I not be able to get all of my boarding passes when I first check in, in Luxor? </s> @StephanieCxxx As advised by Sam, Egypt Air staff will check upon departure in Luxor whether they're"",negative"
"""Need tickets for Italy... Gandhi's &amp; Vadra's will confirm in sometime how many they need @IndiGo </s> @mavaduthachimam You can book tickets on our website any time by inserting your prefered flight date </s> @lufthansa @RahulGandhi @priyankagandhi - Please help yourselves.... üòÇüòÇ"",neutral"
"""@Sergiconstance Fuck @lufthansa Nunca mas vuelo con ü§Æüëç@lufthansa"",negative"
"""Fuck @lufthansa Nunca mas vuelo con @lufthansa üëéü§Æ"",negative"
"""Worst #airline apps:\n@lufthansa for bad translation into English, absurd user flows, poor at-airport </s> @wickedgeekie @lufthansa @airtransat No boarding passes??? Wtf is the airline app for then? </s> @eurydice13 @lufthansa @airtransat Booking flights, checking bookings, checking-in viewing the onboa"",negative"
"""no better page! \n\n¬ª SAY YES TO EUROPE ¬´  ( Say yes to the world )\n@faznet @lufthansa \n\n#sayyestoeuro"",positive"
"""DAY 3 of not having my luggage from @lufthansa üò±\n\nThey are saying my luggage is with the bag company </s> @KalLavelle @lufthansa Oh no.. üò± Hopefully it will turn up today ü§ûx </s> So even though @lufthansa said the luggage company #CityBagsLuggage have my luggage, I‚Äôve emailed th </s> @KalLavelle @lufthansa That¬¥s messed up. How can this even happen ffs.... </s> @WayneJuckts1 @lufthansa They misplaced our luggage on the way there too... üòû </s> So I call @lufthansa again, and they say the luggage company have my luggage and it will arrive betw </s> @KalLavelle @lufthansa I hope you find your luggage sis! X @KalLavelle </s> @Clencha @lufthansa Thank you üôè"",negative"
"""Waiting for my next flight.  \n@lufthansa #easteuropeancomiccon #romania https://t.co/QtMbDeuY3p </s> @david_raynolds @lufthansa Safe travels, David!!!"",positive"
"""I‚Äôm saying yes to Europe üá™üá∫ and am visiting Romania üá∑üá¥ for the first time today. But l‚Äôll be back in </s> @kwlothrop @lufthansa Where to? I'm in Timisoara regularly. Very nice city! </s> @kwlothrop @lufthansa Come back to Timisoara for #SQLSaturday :) </s> @CuljakIvan @lufthansa I am in Timi»ôoara. </s> @kwlothrop @lufthansa Yeah, I know, but I've pressed """"Enter"""" before I wrote """"in two weeks"""" :D"",positive"
""".@Lufthansa Group network airlines (forget @FlyingBrussels ) improve travel experience on short- and"",neutral"
"""#FBTSesiones #BusinessTravel Estamos aprendiendo las diferencias entre una alianza a√©rea y una joint"",neutral"
"""Have you seen the incredible @FlySWISS and @lufthansa #FirstClass sale from Sweden? https://t.co/9ts"",positive"
"""Liebe @lufthansa : warum machen Sie einerseits Werbung f√ºr die #Europawahl2019, was ich schon einmal"",negative"
"""Pizza. Now. #heathrowboulevard with @FineStreetCo. Need we say more üçï #FoodTruck #FoodTrucks #Street"",positive"
"""Glad to join #Airforwarders  International Carrier of the Year ‚Å¶@lufthansa‚Å© Chief Carsten Spohr and "",positive"
"""A full-time job shouldn't stop you from satisfying your wanderlust ‚úàÔ∏èüèïÔ∏èüèõÔ∏è  \nTravel blogger Alline Wa"",neutral"
"""The @lufthansa lounge at Frankfurt Airport ‚úàÔ∏è has #cloudcandy! ‚òÅÔ∏èüç¨ #nomnom with @ThomasMaurer https: </s> @isidorakatanic What a treat! Enjoy! /Ella </s> @lufthansa Thanks Ella üòä </s> @IsidoraKatanic @lufthansa @ThomasMaurer #nomnom :)) </s> @ITPirate @lufthansa @ThomasMaurer Hehe indeed üòÅ"",positive"
"""#PaxEx Press Release: @lufthansa accepts first A321neo with @GevenSpA seats https://t.co/Ta5ycMMqoi "",neutral"
"""Two attributes we would use when describing @lufthansa , consistent &amp; reliable without the fanfa"",positive"
"""Congrats to @Lufthansa on becoming the first airline to earn @IATA ONE Order certification! https://"",positive"
"""Espectacle @vueling @Ryanair @lufthansa @spottersbcnprat @DXelprat @baselunarbeta @oscarmartinezco @"",neutral"
"""Found a good example of animations being used arbitrarily in @lufthansa's website (especially in dat"",negative"
"""Boarding with @lufthansa LH1037 ‚ÄúSorry sir, we changed your seat from row 12 to row 24‚Äù ‚ÄúNo pb, may  </s> @AlessanDragosei @lufthansa Have a good flight #FirstWorldProblems #Not1A </s> @markrally @lufthansa Don‚Äôt be late...I‚Äôve had enough troubles for today #Not1A üòú </s> @AlessanDragosei @lufthansa This is the current view from my window... https://t.co/i0sUBABogY </s> @markrally @lufthansa So it will be a @lufthansa &amp; @KLM side by side, bumper to bumper...we see  </s> @AlessanDragosei Very sorry to hear about your disappointment. Hopefully you will enjoy your flight  </s> @lufthansa No disappointment at all. Just amused by such a level of...‚Äùintelligence‚Äù. I‚Äôm sure fligh"",negative"
"""@CLTAirport Ready for the @lufthansa #A340 today!"",positive"
"""Oh my god......\n\n@lufthansa has delivered @russellswallow ‚Äòs bag (which is missing a wheel) instead  </s> @KalLavelle @russellswallow Soyrr to hear about the confusion. Please contact the number on your los </s> @lufthansa @KalLavelle This is getting behind a joke. Two missed luggages, twice, on two different f </s> @lufthansa @KalLavelle This is getting beyond a joke. Two missed luggages, twice, on two different f </s> @KalLavelle @lufthansa @russellswallow Kinda good you guys know each other... https://t.co/A7SrcOyob"",negative"
"""@lufthansa Ya, thanks for not letting my daughter take her approved carry-on bag (only luggage) on h </s> @gatesman17 Very sorry to hear that your daughter¬¥s hand luggage has not arrived with her. Has she b"",negative"
"""Sieht schick aus! #SayYesToEurope #lufthansa #airportMUC @Lufthansa_DE https://t.co/NJBdVTx82N"",positive"
"""Hete zomer wacht @Schiphol @FNVSchiphol @fnv @RJSwankhuizen @myvnc @klm @Cnn #travel #tourism #paxex </s> @ytekedejong @Schiphol @FNVSchiphol @FNV @RJSwankhuizen @myvnc @KLM @CNN @Delta @lufthansa @easyJet  </s> @Fl_TegenGeluid @ytekedejong @Schiphol @FNVSchiphol @FNV @RJSwankhuizen @myvnc @KLM @CNN @Delta @luf"",neutral"
"""üìÖ‚ö°Ô∏è En el √∫ltimo d√≠a de #DES2019 , la industria de #viajes sube al escenario para hablar de transfor </s> @MiriamA_turismo @DES_show @amadeusESP @IHGCorporate @lufthansa @VirginVoyages @AndyStalman @fgallar </s> @evaballarin @DES_show @amadeusESP @IHGCorporate @lufthansa @VirginVoyages @AndyStalman @fgallardo üëè </s> @MiriamA_turismo @DES_show @evaballarin @amadeusESP @IHGCorporate @lufthansa @VirginVoyages @fgallar </s> @AndyStalman @DES_show @evaballarin @amadeusESP @IHGCorporate @lufthansa @VirginVoyages @fgallardo G"",positive"
"""What's wrong with fligh LH851 today HEL - FRA? The plane hasn't even arrived yet to the gate an we w"",negative"
"""What's wrong with flight LH851 today HEL - FRA? The plane hasn't even arrived yet to the gate an we "",negative"
""".@lufthansa and @staralliance lost my wife's travel reservation and won't let her check in. I have n"",negative"
""".@lufthansa is the 1st #airline to receive @IATA‚Äôs #ONEOrder certification; along w/#airlineNDC, the"",positive"
"""Ein positives Statement zur #Europawahl2019 am Himmel setzt unser Mitglied @Lufthansa_DE mit dem spe"",positive"
"""Thursday afternoon whale watching üê≥ ‚úàÔ∏è @lufthansa #a380\n‚Äî‚Äî‚Äî‚Äî\n#sayyestotheworld #lufthansa #yesluftha"",positive"
"""@lufthansa could you tell me the weblink where i can add a baggage to one of my flights? Thanks! </s> @laiajordana Are you holding a Light Fare ticket that doesn't include luggage and want to add your f </s> @lufthansa And additional bag. Ot would be my second luggage </s> @laiajordana In that case, it's not possible to add it online. Just bring it with you to the airport </s> @lufthansa Thanks! </s> @lufthansa Can we pay with a credit card or it should be in cash? </s> @laiajordana You can either pay with credit card or cash in local currency. /Nes </s> @lufthansa Thanks!"",neutral"
"""You have your stay in our hotel and only have to book the flight? Then take advantage of the 5 - 10%"",neutral"
"""What pleasure to work with Ashleigh and Raffaele of cly_communication ‚ÄºÔ∏è Both consummate professiona"",positive"
"""Seriously @lufthansa all my flights delayed during the last 36 hours and there is a chance missing m </s> @JanosBerke Sorry to hear about the delays and inconvenience caused. A short connection service cann"",negative"
"""#A320neo @Lufthansa D-AINQ Bad Homburg vor der H√∂he https://t.co/UywU021Gaw"",neutral"
"""Arrived in Athens to find my @lufthansa flight to Munich so delayed that I would miss my connection  </s> @Berksbeer Glad to hear that my colleagues were able to find a suitable alternative for you. Have a  </s> @lufthansa Great service from @lufthansa - as we have come to expect. Thank you Ella!"",positive"
"""@lufthansa where is my bag yo </s> @RazWaxin Your bag is missing? Please report this at the airport to get a reference number and furth </s> @lufthansa Yes it‚Äôs been missing for almost 48 hours, the lady at the airport gave me someone else‚Äôs </s> @RazWaxin Sorry to hear! Please call the number on your Lost Report for updates. /Lolo </s> @lufthansa Done that but no help whatsoever </s> @RazWaxin I'm afraid I'm unable to assist from here, please try again to speak to the baggage servic </s> @lufthansa Okay I‚Äôm afraid Lufthansa ruined my trip"",negative"
